{"x0": [0.08081,0.34689,0.28811,0.84824,0.18126],
 "y0": [0.25805,0.41917,0.56187,0.24317,0.45027],
 "x1": [0.15024062,0.40552504,0.05079968,0.68686033,0.29338211,0.4102767,0.1427810],
 "y1": [0.02841415,0.41978400,0.15564077,0.38450951,0.34097421,0.6495684,0.8765646],
 "x2": [0.2616545,0.9417836,0.1547239,0.7026372,0.1144894,0.9110676,0.6331577,0.2637233,0.2574518,0.3839109],
 "y2": [0.2165372,0.3159716,0.2689403 ,0.2303362,0.8609638,0.4699010,0.6665705,0.01738461,0.6665705,0.96396422],
 "x3": [0.4476021,0.1980000,0.3887716 ,0.7209705 ,0.5605854,0.5880000,0.4276073,0.1276073,0.1276073,0.5276073],
 "y3": [0.27735679,0.44434390,0.70596353,0.54292507,0.72085644,0.01263492,0.86711506,0.73075911,0.56711506,0.76711506]
 }

   
